,input_1,block1_conv1,block1_conv2,block1_pool,block2_conv1,block2_conv2,block2_pool,block3_conv1,block3_conv2,block3_conv3,block3_pool,block4_conv1,block4_conv2,block4_conv3,block4_pool,block5_conv1,block5_conv2,block5_conv3,block5_pool,flatten,fc1,fc2
0,-145.31559442265447,-1420.7757598040328,-1400.1881593795904,-1060.0542188707448,-1358.304696404426,-1543.2704642983729,-1160.121754125802,-1277.4423978910497,-1266.722442584962,-1458.7739556192146,-1112.781298875461,-1191.9469363407477,-1215.8653995462814,-1374.0090803646235,-1085.3479415862867,-1111.4677057222768,-981.6848667778601,-1029.9193305991612,-843.0815118245146,-871.418387450455,-503.7293546518594,-450.7525189768314
