,input_1,block1_conv1,block1_conv2,block1_pool,block2_conv1,block2_conv2,block2_pool,block3_conv1,block3_conv2,block3_conv3,block3_pool,block4_conv1,block4_conv2,block4_conv3,block4_pool,block5_conv1,block5_conv2,block5_conv3,block5_pool,flatten,fc1,fc2
0,-126.76067461220242,-953.0270992365633,-970.3609360415275,-774.2135891001842,-1031.643939605114,-1203.808048920276,-964.7853102936036,-1091.2054604825373,-1119.6035145967035,-1199.8005818014713,-949.4538414312784,-1074.5620414054765,-1164.0564899378167,-1249.162524243313,-991.3872218464171,-992.9018736655886,-968.9668693516657,-1042.4916984618358,-854.6340442025456,-792.6402061558144,-489.9557538803519,-442.26788003996444
